,Value,Size,Type,Bind,Vis,Ndx,Name
,02000000,4,OBJECT,LOCAL,DEFAULT,1,blkdev_list
,02000004,1024,OBJECT,LOCAL,DEFAULT,1,g_usb_input_buf
,02000404,1024,OBJECT,LOCAL,DEFAULT,1,g_usb_output_buf
,02000804,1,OBJECT,GLOBAL,DEFAULT,1,g_da_verified
,02000805,32,OBJECT,LOCAL,DEFAULT,1,g_I2C_CmdBuf
,02000828,4,OBJECT,LOCAL,DEFAULT,1,dlcomport
,0200082c,32,OBJECT,LOCAL,DEFAULT,1,g_I2C_DataBuf
,0200084c,4,OBJECT,LOCAL,DEFAULT,1,g_meta_ready_start_time
,02000850,8,OBJECT,LOCAL,DEFAULT,1,g_addr_trans_tbl
,02000858,40,OBJECT,LOCAL,DEFAULT,1,g_mmc_bdev
,02000880,8,OBJECT,GLOBAL,DEFAULT,1,g_emmc_size
,02000888,144,OBJECT,LOCAL,DEFAULT,1,g_emmc_addr_trans
,02000918,1456,OBJECT,GLOBAL,DEFAULT,1,sd_card
,02000ec8,200,OBJECT,GLOBAL,DEFAULT,1,sd_host
,02000f90,40,OBJECT,LOCAL,DEFAULT,1,msdc_priv
,02000fb8,8,OBJECT,LOCAL,DEFAULT,1,msdc_tune_forcing
,02000fc0,22,OBJECT,LOCAL,DEFAULT,1,id
,02000fd8,4,OBJECT,LOCAL,DEFAULT,1,found.1350
,02000fdc,4,OBJECT,LOCAL,DEFAULT,1,fw_id_len
,02000fe0,1,OBJECT,LOCAL,DEFAULT,1,recovery_flag
,02000fe4,4,OBJECT,GLOBAL,DEFAULT,1,set_address
,02000fe8,4,OBJECT,LOCAL,DEFAULT,1,ep0_urb
,02000fec,4,OBJECT,GLOBAL,DEFAULT,1,g_usb_port_state
,02000ff0,4,OBJECT,LOCAL,DEFAULT,1,udc_device
,02000ff4,4,OBJECT,GLOBAL,DEFAULT,1,ep0_state
,02000ff8,4,OBJECT,GLOBAL,DEFAULT,1,g_usbphy_ok
,02000ffc,1052,OBJECT,GLOBAL,DEFAULT,1,mt6573_rx_urb
,02001418,12,OBJECT,LOCAL,DEFAULT,1,mt_usb_config
,02001424,1052,OBJECT,GLOBAL,DEFAULT,1,mt6573_ep0_urb
,02001840,28,OBJECT,LOCAL,DEFAULT,1,mt_usb_comm_alternate_int
,0200185c,112,OBJECT,LOCAL,DEFAULT,1,mt_usb_ep
,020018cc,4,OBJECT,GLOBAL,DEFAULT,1,usb_configured
,020018d0,4,OBJECT,GLOBAL,DEFAULT,1,usb_string_table
,020018d4,24,OBJECT,LOCAL,DEFAULT,1,usb_output_buffer
,020018ec,64,OBJECT,LOCAL,DEFAULT,1,commInterface
,0200192c,46,OBJECT,LOCAL,DEFAULT,1,dataInterface
,0200195c,8,OBJECT,LOCAL,DEFAULT,1,mt_usb_comm_interface
,02001964,1052,OBJECT,GLOBAL,DEFAULT,1,mt6573_tx_urb
,02001d80,24,OBJECT,LOCAL,DEFAULT,1,usb_input_buffer
,02001d98,40,OBJECT,LOCAL,DEFAULT,1,mt_usb_device
,02001dc0,28,OBJECT,LOCAL,DEFAULT,1,mt_usb_data_alternate_int
,02001ddc,52,OBJECT,LOCAL,DEFAULT,1,configuration
,02001e10,34,OBJECT,LOCAL,DEFAULT,1,product
,02001e32,18,OBJECT,LOCAL,DEFAULT,1,manufacturer
,02001e44,4,OBJECT,GLOBAL,DEFAULT,1,tool_exists
,02001e48,8,OBJECT,LOCAL,DEFAULT,1,mt_usb_interface
,02001e50,8,OBJECT,LOCAL,DEFAULT,1,mt_usb_data_interface
,02001e58,4,OBJECT,GLOBAL,DEFAULT,1,g_charger_in_flag
,02001e5c,4,OBJECT,GLOBAL,DEFAULT,1,g_ret
,02001e60,4,OBJECT,GLOBAL,DEFAULT,1,g_first_check
,02001e64,4,OBJECT,LOCAL,DEFAULT,1,timestamp
,02001e68,4,OBJECT,LOCAL,DEFAULT,1,lastinc
,02001e6c,4,OBJECT,LOCAL,DEFAULT,1,status.1246
,02001e70,4,OBJECT,GLOBAL,DEFAULT,1,g_rgu_status
,02001e74,4,OBJECT,LOCAL,DEFAULT,1,reboot_from
,02001e78,4,OBJECT,LOCAL,DEFAULT,1,rgu_mode
,02001e7c,4,OBJECT,LOCAL,DEFAULT,1,timeout
,02001e80,24,OBJECT,LOCAL,DEFAULT,1,tempart
,02001e98,3520,OBJECT,LOCAL,DEFAULT,1,new_part
,02002c58,3520,OBJECT,LOCAL,DEFAULT,1,lastest_part
,02003a18,4,OBJECT,GLOBAL,DEFAULT,1,g_boot_time
,02003a1c,4,OBJECT,GLOBAL,DEFAULT,1,g_boot_mode
,02003a20,3072,OBJECT,GLOBAL,DEFAULT,1,sys_stack
,02004620,4,OBJECT,GLOBAL,DEFAULT,1,g_boot_reason
,02004624,4,OBJECT,GLOBAL,DEFAULT,1,kpoc_flag
,02004628,4,OBJECT,GLOBAL,DEFAULT,1,g_meta_com_type
,0200462c,4,OBJECT,GLOBAL,DEFAULT,1,g_meta_com_id
,02004630,4,OBJECT,LOCAL,DEFAULT,1,g_log_disable
,02004634,8,OBJECT,GLOBAL,DEFAULT,1,sec_cfg_info
,0200463c,512,OBJECT,GLOBAL,DEFAULT,1,g_SBC_PUBK
,0200483c,4,OBJECT,GLOBAL,DEFAULT,1,secroimg
,02004840,1,OBJECT,GLOBAL,DEFAULT,1,bDumpPartInfo
,02004841,1,OBJECT,LOCAL,DEFAULT,1,bUsbHandshakeSuccess
,02004844,4,OBJECT,GLOBAL,DEFAULT,1,g_sha1_time
,02004848,4,OBJECT,LOCAL,DEFAULT,1,img_buf
,0200484c,4,OBJECT,LOCAL,DEFAULT,1,chunk_buf
,02004850,4,OBJECT,LOCAL,DEFAULT,1,img_buf_current_allocated
,02004854,4,OBJECT,GLOBAL,DEFAULT,1,g_cust
,02004858,4,OBJECT,GLOBAL,DEFAULT,1,g_sec_cfg
,0200485c,32,OBJECT,GLOBAL,DEFAULT,1,g_cust_name
,0200487c,92,OBJECT,GLOBAL,DEFAULT,1,rsa
,020048d8,20,OBJECT,GLOBAL,DEFAULT,1,sha1sum
,020048ec,4,OBJECT,GLOBAL,DEFAULT,1,heap_current_alloc
,020048f0,84,OBJECT,LOCAL,DEFAULT,1,sej_ctx
,020076fc,960,OBJECT,GLOBAL,DEFAULT,3,g_ROM_INFO
,02007ac0,152,FUNC,GLOBAL,DEFAULT,4,__udivsi3
,02007e35,180,FUNC,GLOBAL,DEFAULT,5,virt_to_phys_addr
,02007ee9,40,FUNC,GLOBAL,DEFAULT,6,blkdev_register
,02007f11,32,FUNC,GLOBAL,DEFAULT,7,blkdev_get
,02007f31,458,FUNC,GLOBAL,DEFAULT,8,blkdev_read
,020080fb,496,FUNC,GLOBAL,DEFAULT,9,blkdev_write
,020082ed,76,FUNC,GLOBAL,DEFAULT,10,buf_input_init
,02008339,76,FUNC,GLOBAL,DEFAULT,11,buf_output_init
,02008385,52,FUNC,GLOBAL,DEFAULT,12,buf_pop
,020083b9,42,FUNC,GLOBAL,DEFAULT,13,buf_push
,020083e3,2,FUNC,GLOBAL,DEFAULT,14,cust_part_init
,020083e5,12,FUNC,GLOBAL,DEFAULT,15,cust_part_tbl
,020083f1,46,FUNC,LOCAL,DEFAULT,16,uffs.part.0
,02008421,264,FUNC,GLOBAL,DEFAULT,17,device_APC_dom_setup
,02008529,24,FUNC,GLOBAL,DEFAULT,18,__div0
,02008541,36,FUNC,LOCAL,DEFAULT,19,usbdl_put_word
,02008565,48,FUNC,LOCAL,DEFAULT,20,usbdl_put_dword
,02008595,44,FUNC,LOCAL,DEFAULT,21,usbdl_get_word
,020085c1,56,FUNC,LOCAL,DEFAULT,22,usbdl_get_dword
,020085f9,116,FUNC,LOCAL,DEFAULT,23,usbdl_read16
,0200866d,138,FUNC,LOCAL,DEFAULT,24,usbdl_write16
,020086f9,1636,FUNC,GLOBAL,DEFAULT,25,usbdl_handler
,02008d5d,80,FUNC,GLOBAL,DEFAULT,26,mt_set_gpio_dir_chip
,02008dad,68,FUNC,GLOBAL,DEFAULT,27,mt_set_gpio_pull_enable_c
,02008df1,68,FUNC,GLOBAL,DEFAULT,28,mt_set_gpio_pull_select_c
,02008e35,56,FUNC,GLOBAL,DEFAULT,29,mt_set_gpio_mode_chip
,02008e6d,4,FUNC,GLOBAL,DEFAULT,30,mt_set_gpio_dir
,02008e71,4,FUNC,GLOBAL,DEFAULT,31,mt_set_gpio_pull_enable
,02008e75,4,FUNC,GLOBAL,DEFAULT,32,mt_set_gpio_pull_select
,02008e79,4,FUNC,GLOBAL,DEFAULT,33,mt_set_gpio_mode
,02008e7d,56,FUNC,GLOBAL,DEFAULT,34,mt_gpio_init_post
,02008eb5,44,FUNC,LOCAL,DEFAULT,35,uart_recv
,02008ee1,48,FUNC,LOCAL,DEFAULT,36,uart_send
,02008f11,64,FUNC,GLOBAL,DEFAULT,37,uart_handshake_init
,02008f51,320,FUNC,GLOBAL,DEFAULT,38,uart_handshake
,02009091,82,FUNC,LOCAL,DEFAULT,39,usb_recv
,020090e3,22,FUNC,LOCAL,DEFAULT,40,usb_send
,020090f9,724,FUNC,GLOBAL,DEFAULT,41,usb_handshake
,02009541,768,FUNC,LOCAL,DEFAULT,43,bldr_cmd_handler
,02009841,60,FUNC,GLOBAL,DEFAULT,44,bldr_load_part
,0200987d,96,FUNC,GLOBAL,DEFAULT,45,bldr_jump
,020098e5,408,FUNC,GLOBAL,DEFAULT,46,main
,02009a7d,110,FUNC,LOCAL,DEFAULT,47,mmc_switch_part
,02009aed,72,FUNC,LOCAL,DEFAULT,48,mmc_bwrite
,02009b35,72,FUNC,LOCAL,DEFAULT,49,mmc_bread
,02009b7d,544,FUNC,GLOBAL,DEFAULT,50,mmc_init_device
,02009d9d,196,FUNC,GLOBAL,DEFAULT,51,mmc_get_device_id
,02009e61,54,FUNC,GLOBAL,DEFAULT,52,unstuff_bits
,02009e97,4,FUNC,GLOBAL,DEFAULT,53,EFUSE_Query_SD_Card_Init_
,02009e9d,20,FUNC,GLOBAL,DEFAULT,54,mmc_get_host
,02009eb1,20,FUNC,GLOBAL,DEFAULT,55,mmc_get_card
,02009ec5,50,FUNC,GLOBAL,DEFAULT,56,mmc_cmd
,02009ef9,64,FUNC,LOCAL,DEFAULT,57,mmc_send_if_cond
,02009f39,60,FUNC,LOCAL,DEFAULT,58,mmc_app_cmd
,02009f75,82,FUNC,LOCAL,DEFAULT,59,mmc_send_app_op_cond
,02009fc7,84,FUNC,LOCAL,DEFAULT,60,mmc_send_op_cond
,0200a01d,160,FUNC,LOCAL,DEFAULT,61,mmc_sd_switch.isra.0.cons
,0200a0bd,28,FUNC,GLOBAL,DEFAULT,62,mmc_select_voltage
,0200a0d9,30,FUNC,GLOBAL,DEFAULT,63,mmc_go_idle
,0200a0f7,44,FUNC,GLOBAL,DEFAULT,64,mmc_send_status
,0200a123,36,FUNC,GLOBAL,DEFAULT,65,mmc_select_card
,0200a147,86,FUNC,GLOBAL,DEFAULT,66,mmc_send_relative_addr
,0200a19d,132,FUNC,GLOBAL,DEFAULT,67,mmc_switch
,0200a221,80,FUNC,GLOBAL,DEFAULT,68,mmc_switch_hs
,0200a271,312,FUNC,GLOBAL,DEFAULT,69,mmc_read_ext_csd
,0200a3a9,38,FUNC,GLOBAL,DEFAULT,70,mmc_set_card_detect
,0200a3cf,50,FUNC,GLOBAL,DEFAULT,71,mmc_set_blk_length
,0200a401,308,FUNC,GLOBAL,DEFAULT,72,mmc_set_bus_width
,0200a535,172,FUNC,GLOBAL,DEFAULT,73,mmc_dev_bread
,0200a5e1,116,FUNC,GLOBAL,DEFAULT,74,mmc_block_read
,0200a655,236,FUNC,GLOBAL,DEFAULT,75,mmc_block_write
,0200a741,2012,FUNC,GLOBAL,DEFAULT,76,mmc_init_mem_card
,0200af1d,172,FUNC,GLOBAL,DEFAULT,77,mmc_init_card
,0200afc9,36,FUNC,GLOBAL,DEFAULT,78,mmc_init_host
,0200afed,104,FUNC,GLOBAL,DEFAULT,79,mmc_init
,0200b055,64,FUNC,GLOBAL,DEFAULT,80,mmc_stuff_buff
,0200b095,272,FUNC,GLOBAL,DEFAULT,81,mmc_get_sandisk_fwid
,0200b1a5,2,FUNC,GLOBAL,DEFAULT,82,msdc_clock
,0200b1a9,88,FUNC,GLOBAL,DEFAULT,83,msdc_set_timeout
,0200b201,84,FUNC,GLOBAL,DEFAULT,84,msdc_set_blklen
,0200b255,6,FUNC,GLOBAL,DEFAULT,85,msdc_set_blknum
,0200b25d,32,FUNC,GLOBAL,DEFAULT,86,msdc_set_dmode
,0200b27d,6,FUNC,GLOBAL,DEFAULT,87,msdc_set_pio_bits
,0200b285,84,FUNC,GLOBAL,DEFAULT,88,msdc_set_driving
,0200b2d9,212,FUNC,GLOBAL,DEFAULT,89,msdc_pad_ctrl_init
,0200b3ad,20,FUNC,GLOBAL,DEFAULT,90,msdc_pin_pud
,0200b3c1,2,FUNC,GLOBAL,DEFAULT,91,msdc_pin_pnul
,0200b3c5,100,FUNC,GLOBAL,DEFAULT,92,msdc_config_clksrc
,0200b429,304,FUNC,GLOBAL,DEFAULT,93,msdc_config_clock
,0200b559,52,FUNC,GLOBAL,DEFAULT,94,msdc_config_bus
,0200b58d,24,FUNC,GLOBAL,DEFAULT,95,msdc_config_pin
,0200b5a5,2,FUNC,GLOBAL,DEFAULT,96,msdc_set_host_pwr
,0200b5a7,56,FUNC,GLOBAL,DEFAULT,97,msdc_host_power
,0200b5df,2,FUNC,GLOBAL,DEFAULT,98,msdc_card_power
,0200b5e1,48,FUNC,GLOBAL,DEFAULT,99,msdc_power
,0200b611,10,FUNC,GLOBAL,DEFAULT,100,msdc_intr_unmask
,0200b61d,448,FUNC,GLOBAL,DEFAULT,101,msdc_send_cmd
,0200b7dd,144,FUNC,GLOBAL,DEFAULT,102,msdc_wait_rsp
,0200b86d,208,FUNC,GLOBAL,DEFAULT,103,msdc_abort
,0200b93d,292,FUNC,GLOBAL,DEFAULT,104,msdc_pio_read
,0200ba61,164,FUNC,GLOBAL,DEFAULT,105,msdc_pio_write
,0200bb05,148,FUNC,GLOBAL,DEFAULT,106,msdc_tune_cal_smaller_tri
,0200bb99,992,FUNC,GLOBAL,DEFAULT,107,msdc_tune_cmdrsp
,0200bf79,70,FUNC,GLOBAL,DEFAULT,108,msdc_cmd
,0200bfbf,64,FUNC,GLOBAL,DEFAULT,109,msdc_cmd_stop
,0200c001,248,FUNC,GLOBAL,DEFAULT,110,msdc_abort_handler
,0200c0f9,256,FUNC,GLOBAL,DEFAULT,111,msdc_pio_bwrite
,0200c1f9,256,FUNC,GLOBAL,DEFAULT,112,msdc_pio_bread
,0200c2f9,212,FUNC,GLOBAL,DEFAULT,113,msdc_pio_send_sandisk_fwi
,0200c3cd,228,FUNC,GLOBAL,DEFAULT,114,msdc_pio_get_sandisk_fwid
,0200c4b1,1284,FUNC,GLOBAL,DEFAULT,115,msdc_tune_bread
,0200c9b5,6,FUNC,GLOBAL,DEFAULT,116,msdc_reset_tune_counter
,0200c9bd,796,FUNC,GLOBAL,DEFAULT,117,msdc_tune_read
,0200ccd9,168,FUNC,GLOBAL,DEFAULT,118,msdc_init_reg
,0200cd81,636,FUNC,GLOBAL,DEFAULT,119,msdc_init
,0200cffd,2,FUNC,GLOBAL,DEFAULT,120,msdc_irq_init
,0200d001,184,FUNC,GLOBAL,DEFAULT,121,msdc_intr_wait
,0200d0b9,50,FUNC,GLOBAL,DEFAULT,122,msdc_uffs
,0200d0ed,296,FUNC,LOCAL,DEFAULT,123,mt_get_mdl_number
,0200d215,56,FUNC,GLOBAL,DEFAULT,124,mt_get_dram_type
,0200d24d,108,FUNC,GLOBAL,DEFAULT,125,get_dram_rank_nr
,0200d2b9,76,FUNC,GLOBAL,DEFAULT,126,get_dram_rank_size
,0200d305,1580,FUNC,GLOBAL,DEFAULT,127,__EMI_InitializeLPDDR
,0200d931,284,FUNC,GLOBAL,DEFAULT,128,__EMI_DataAutoTrackingReg
,0200da4d,148,FUNC,GLOBAL,DEFAULT,129,__EmiDataTrainRegWrite
,0200dae1,312,FUNC,GLOBAL,DEFAULT,130,__EMI_DataTrackingMbistTe
,0200dc19,64,FUNC,GLOBAL,DEFAULT,131,__EMI_DataAutoTrackingMbi
,0200dc59,1562,FUNC,GLOBAL,DEFAULT,132,__EMI_DataAutoTrackingTra
,0200e275,364,FUNC,GLOBAL,DEFAULT,133,__EMI_EnableDataAutoTrack
,0200e3e1,356,FUNC,GLOBAL,DEFAULT,134,__EMI_EnablePerformancePo
,0200e545,272,FUNC,GLOBAL,DEFAULT,135,__EMI_EnableBandwidthLimi
,0200e655,304,FUNC,GLOBAL,DEFAULT,136,mt_set_emi
,0200e785,596,FUNC,GLOBAL,DEFAULT,137,SRAM_repair
,0200e9d9,4,FUNC,GLOBAL,DEFAULT,138,i2c_v1_set_speed
,0200e9dd,4,FUNC,GLOBAL,DEFAULT,139,i2c_v1_read
,0200e9e1,4,FUNC,GLOBAL,DEFAULT,140,i2c_v1_write
,0200e9e5,1072,FUNC,GLOBAL,DEFAULT,141,complex_mem_test
,0200ee15,68,FUNC,GLOBAL,DEFAULT,142,mt_mem_init
,0200ee59,30,FUNC,GLOBAL,DEFAULT,143,MFG_MM_SRAM_repair
,0200ee79,220,FUNC,GLOBAL,DEFAULT,144,mmsys_on
,0200ef55,160,FUNC,GLOBAL,DEFAULT,145,mmsys_off
,0200eff5,124,FUNC,GLOBAL,DEFAULT,146,mfg_on
,0200f071,112,FUNC,GLOBAL,DEFAULT,147,mfg_off
,0200f0e1,192,FUNC,GLOBAL,DEFAULT,148,ptp_init1
,0200f1a1,12,FUNC,LOCAL,DEFAULT,149,wait_for_fsm_vldclr
,0200f1ad,12,FUNC,LOCAL,DEFAULT,150,wait_for_sync
,0200f1b9,22,FUNC,LOCAL,DEFAULT,151,wait_for_idle_and_sync
,0200f1cf,10,FUNC,LOCAL,DEFAULT,152,wait_for_cipher_ready
,0200f1d9,80,FUNC,LOCAL,DEFAULT,153,wait_for_state_ready_init
,0200f229,84,FUNC,GLOBAL,DEFAULT,154,pwrap_dump_ap_register
,0200f27d,340,FUNC,LOCAL,DEFAULT,155,_pwrap_wacs2_nochk
,0200f3d1,14,FUNC,LOCAL,DEFAULT,156,pwrap_write_nochk
,0200f3e1,1748,FUNC,GLOBAL,DEFAULT,157,pwrap_init
,0200fab5,468,FUNC,GLOBAL,DEFAULT,158,pwrap_wacs2
,0200fc89,14,FUNC,GLOBAL,DEFAULT,159,pwrap_write
,0200fc97,14,FUNC,GLOBAL,DEFAULT,160,pwrap_read
,0200fca5,68,FUNC,GLOBAL,DEFAULT,161,pwrap_init_preloader
,0200fce9,120,FUNC,LOCAL,DEFAULT,162,rtc_mktime
,0200fd61,20,FUNC,LOCAL,DEFAULT,163,RTC_Read
,0200fd75,4,FUNC,LOCAL,DEFAULT,164,RTC_Write
,0200fd79,68,FUNC,LOCAL,DEFAULT,165,Write_trigger
,0200fdbd,40,FUNC,LOCAL,DEFAULT,166,rtc_gpio_init
,0200fde5,264,FUNC,LOCAL,DEFAULT,167,rtc_android_init
,0200feed,82,FUNC,LOCAL,DEFAULT,168,rtc_lpd_init
,0200ff3f,58,FUNC,LOCAL,DEFAULT,169,rtc_xosc_write
,0200ff79,176,FUNC,LOCAL,DEFAULT,170,get_frequency_meter
,02010029,184,FUNC,LOCAL,DEFAULT,171,eosc_cali
,020100e1,182,FUNC,LOCAL,DEFAULT,172,rtc_measure_four_clock
,02010197,44,FUNC,LOCAL,DEFAULT,173,Writeif_unlock
,020101c3,88,FUNC,LOCAL,DEFAULT,174,rtc_switch_mode
,0201021d,204,FUNC,LOCAL,DEFAULT,175,rtc_frequency_meter_check
,020102e9,96,FUNC,LOCAL,DEFAULT,176,rtc_first_boot_init
,02010349,192,FUNC,LOCAL,DEFAULT,177,rtc_recovery_flow
,02010409,36,FUNC,GLOBAL,DEFAULT,178,rtc_bbpu_power_on
,0201042d,32,FUNC,GLOBAL,DEFAULT,179,rtc_mark_bypass_pwrkey
,0201044d,92,FUNC,GLOBAL,DEFAULT,180,rtc_save_low_power_detect
,020104a9,1408,FUNC,GLOBAL,DEFAULT,181,rtc_boot_check
,02010a29,36,FUNC,GLOBAL,DEFAULT,182,pl_power_off
,02010a4d,112,FUNC,LOCAL,DEFAULT,183,mt_read_fifo
,02010abd,56,FUNC,LOCAL,DEFAULT,184,mt_find_ep
,02010af5,76,FUNC,LOCAL,DEFAULT,185,mt_udc_flush_fifo
,02010b41,132,FUNC,LOCAL,DEFAULT,186,mt_write_fifo
,02010bc5,108,FUNC,LOCAL,DEFAULT,187,mt_udc_ep0_write
,02010c31,124,FUNC,LOCAL,DEFAULT,188,mt_udc_epx_handler
,02010cad,168,FUNC,LOCAL,DEFAULT,189,mt_udc_reset
,02010d55,44,FUNC,LOCAL,DEFAULT,190,copy_desc
,02010d81,1392,FUNC,GLOBAL,DEFAULT,191,mt_udc_irq
,020112f1,56,FUNC,GLOBAL,DEFAULT,192,mt_ep_write
,02011329,44,FUNC,GLOBAL,DEFAULT,193,mt_ep_busy
,02011355,368,FUNC,GLOBAL,DEFAULT,194,mt_setup_ep
,020114c5,16,FUNC,GLOBAL,DEFAULT,195,mt_usb_connect_internal
,020114d5,16,FUNC,GLOBAL,DEFAULT,196,mt_usb_disconnect_interna
,020114e5,68,FUNC,GLOBAL,DEFAULT,197,udc_enable
,02011529,14,FUNC,GLOBAL,DEFAULT,198,usb_service_offline
,02011539,332,FUNC,GLOBAL,DEFAULT,199,mt_usb_phy_calibraion
,02011685,100,FUNC,GLOBAL,DEFAULT,200,mt_usb_phy_poweron
,020116e9,188,FUNC,GLOBAL,DEFAULT,201,mt_usb_phy_savecurrent
,020117a5,308,FUNC,GLOBAL,DEFAULT,202,mt_usb_phy_recover
,020118d9,100,FUNC,GLOBAL,DEFAULT,203,mt_usb_calibraion
,0201193d,16,FUNC,GLOBAL,DEFAULT,204,Charger_Detect_Init
,0201194d,16,FUNC,GLOBAL,DEFAULT,205,Charger_Detect_Release
,0201195d,92,FUNC,GLOBAL,DEFAULT,206,mt_usb_set_to_uart_mode
,020119b9,112,FUNC,GLOBAL,DEFAULT,207,is_uart_cable_inserted
,02011a29,34,FUNC,LOCAL,DEFAULT,208,str2wide
,02011a4d,44,FUNC,LOCAL,DEFAULT,209,ep_to_buf.constprop.0
,02011a79,84,FUNC,GLOBAL,DEFAULT,210,usb_alloc_urb
,02011acd,764,FUNC,GLOBAL,DEFAULT,211,usbdl_init
,02011dc9,16,FUNC,GLOBAL,DEFAULT,212,tool_is_present
,02011dd9,16,FUNC,GLOBAL,DEFAULT,213,tool_state_update
,02011de9,16,FUNC,GLOBAL,DEFAULT,214,usbdl_configured
,02011df9,116,FUNC,GLOBAL,DEFAULT,215,enable_highspeed
,02011e6d,68,FUNC,GLOBAL,DEFAULT,216,config_usbtty
,02011eb1,96,FUNC,GLOBAL,DEFAULT,217,service_interrupts
,02011f11,124,FUNC,GLOBAL,DEFAULT,218,usbdl_poll
,02011f8d,80,FUNC,GLOBAL,DEFAULT,219,usbdl_flush
,02011fdd,4,FUNC,GLOBAL,DEFAULT,220,mt_usbtty_flush
,02011fe1,88,FUNC,GLOBAL,DEFAULT,221,mt_usbtty_getcn
,02012039,116,FUNC,GLOBAL,DEFAULT,222,mt_usbtty_putcn
,020120ad,88,FUNC,GLOBAL,DEFAULT,223,mt_usbtty_puts
,02012105,44,FUNC,GLOBAL,DEFAULT,224,mt_usbtty_query_data_size
,02012131,64,FUNC,GLOBAL,DEFAULT,225,mtk_kpd_gpios_get
,02012171,320,FUNC,GLOBAL,DEFAULT,226,mtk_kpd_gpio_set
,020122b1,120,FUNC,GLOBAL,DEFAULT,227,set_kpd_pmic_mode
,02012329,2,FUNC,GLOBAL,DEFAULT,228,enable_PMIC_kpd_clock
,0201232d,100,FUNC,GLOBAL,DEFAULT,229,mtk_detect_key
,02012391,48,FUNC,GLOBAL,DEFAULT,230,mtk_detect_dl_keys
,020123c1,38,FUNC,GLOBAL,DEFAULT,231,pmic_read_interface
,020123e7,52,FUNC,GLOBAL,DEFAULT,232,pmic_config_interface
,0201241b,2,FUNC,GLOBAL,DEFAULT,233,pmic_lock
,0201241d,2,FUNC,GLOBAL,DEFAULT,234,pmic_unlock
,0201241f,28,FUNC,GLOBAL,DEFAULT,235,upmu_set_rg_bc11_bb_ctrl
,0201243b,28,FUNC,GLOBAL,DEFAULT,236,upmu_set_rg_bc11_rst
,02012457,28,FUNC,GLOBAL,DEFAULT,237,upmu_set_rg_bc11_vsrc_en
,02012473,34,FUNC,GLOBAL,DEFAULT,238,upmu_get_rgs_bc11_cmp_out
,02012495,28,FUNC,GLOBAL,DEFAULT,239,upmu_set_rg_bc11_vref_vth
,020124b1,28,FUNC,GLOBAL,DEFAULT,240,upmu_set_rg_bc11_cmp_en
,020124cd,28,FUNC,GLOBAL,DEFAULT,241,upmu_set_rg_bc11_ipd_en
,020124e9,28,FUNC,GLOBAL,DEFAULT,242,upmu_set_rg_bc11_ipu_en
,02012505,28,FUNC,GLOBAL,DEFAULT,243,upmu_set_rg_bc11_bias_en
,02012521,64,FUNC,GLOBAL,DEFAULT,244,hw_bc11_init
,02012561,68,FUNC,GLOBAL,DEFAULT,245,hw_bc11_DCD
,020125a5,48,FUNC,GLOBAL,DEFAULT,246,hw_bc11_stepA1
,020125d5,54,FUNC,GLOBAL,DEFAULT,247,hw_bc11_stepB1
,0201260b,54,FUNC,GLOBAL,DEFAULT,248,hw_bc11_stepC1
,02012641,60,FUNC,GLOBAL,DEFAULT,249,hw_bc11_stepA2
,0201267d,54,FUNC,GLOBAL,DEFAULT,250,hw_bc11_stepB2
,020126b3,46,FUNC,GLOBAL,DEFAULT,251,hw_bc11_done
,020126e1,172,FUNC,GLOBAL,DEFAULT,252,hw_charger_type_detection
,0201278d,68,FUNC,GLOBAL,DEFAULT,253,mt_charger_type_detection
,020127d1,26,FUNC,GLOBAL,DEFAULT,254,get_pmic6323_chip_version
,020127ed,60,FUNC,GLOBAL,DEFAULT,255,pmic_detect_powerkey
,02012829,38,FUNC,GLOBAL,DEFAULT,256,pmic_IsUsbCableIn
,02012851,536,FUNC,GLOBAL,DEFAULT,257,hw_set_cc
,02012a69,30,FUNC,GLOBAL,DEFAULT,258,pl_hw_ulc_det
,02012a89,148,FUNC,GLOBAL,DEFAULT,259,hw_check_battery
,02012b1d,128,FUNC,GLOBAL,DEFAULT,260,pl_charging
,02012b9d,66,FUNC,GLOBAL,DEFAULT,261,pl_kick_chr_wdt
,02012be1,32,FUNC,GLOBAL,DEFAULT,262,pl_close_pre_chr_led
,02012c01,112,FUNC,GLOBAL,DEFAULT,263,pmic_init
,02012c71,112,FUNC,LOCAL,DEFAULT,264,get_timer_masked
,02012ce1,12,FUNC,GLOBAL,DEFAULT,265,gpt4_get_current_tick
,02012ced,34,FUNC,GLOBAL,DEFAULT,266,gpt4_timeout_tick
,02012d11,24,FUNC,GLOBAL,DEFAULT,267,gpt4_time2tick_us
,02012d29,28,FUNC,GLOBAL,DEFAULT,268,gpt_busy_wait_us
,02012d45,24,FUNC,GLOBAL,DEFAULT,269,get_timer
,02012d5d,24,FUNC,GLOBAL,DEFAULT,270,mdelay
,02012d75,100,FUNC,GLOBAL,DEFAULT,271,udelay
,02012dd9,68,FUNC,GLOBAL,DEFAULT,272,mtk_timer_init
,02012e1d,60,FUNC,LOCAL,DEFAULT,273,mtk_wdt_reset
,02012e59,60,FUNC,LOCAL,DEFAULT,274,mtk_wdt_mode_config.const
,02012e95,16,FUNC,GLOBAL,DEFAULT,275,mtk_wdt_restart
,02012ea5,92,FUNC,GLOBAL,DEFAULT,276,mtk_wdt_boot_check
,02012f01,560,FUNC,GLOBAL,DEFAULT,277,mtk_wdt_init
,02013131,24,FUNC,GLOBAL,DEFAULT,278,mtk_arch_reset
,02013149,164,FUNC,GLOBAL,DEFAULT,279,part_init
,020131ed,64,FUNC,GLOBAL,DEFAULT,280,part_get
,0201322d,396,FUNC,GLOBAL,DEFAULT,281,part_load
,020133b9,124,FUNC,GLOBAL,DEFAULT,282,part_dump
,02013435,144,FUNC,GLOBAL,DEFAULT,283,get_part_tab_from_complie
,020134c5,500,FUNC,GLOBAL,DEFAULT,284,pmt_init
,020136b9,112,FUNC,GLOBAL,DEFAULT,285,pmt_get_part
,02013729,4,FUNC,GLOBAL,DEFAULT,286,platform_set_chrg_cur
,0201372d,30,FUNC,GLOBAL,DEFAULT,287,usb_accessory_in
,0201374d,84,FUNC,GLOBAL,DEFAULT,288,usb_cable_in
,020137a1,56,FUNC,GLOBAL,DEFAULT,289,platform_vusb_on
,020137d9,14,FUNC,GLOBAL,DEFAULT,290,platform_wdt_all_kick
,020137e7,4,FUNC,GLOBAL,DEFAULT,291,platform_wdt_kick
,020137ed,68,FUNC,GLOBAL,DEFAULT,292,platform_safe_mode
,02013831,56,FUNC,GLOBAL,DEFAULT,293,platform_emergency_downlo
,02013869,30,FUNC,GLOBAL,DEFAULT,294,platform_get_mcp_id
,02013887,8,FUNC,GLOBAL,DEFAULT,295,platform_chip_ver
,0201388f,4,FUNC,GLOBAL,DEFAULT,296,platform_com_wait_forever
,02013895,16,FUNC,GLOBAL,DEFAULT,297,platform_sram_repair_enab
,020138a5,264,FUNC,GLOBAL,DEFAULT,298,platform_pre_init
,020139b5,340,FUNC,GLOBAL,DEFAULT,299,platform_init
,02013b09,408,FUNC,GLOBAL,DEFAULT,300,platform_post_init
,02013ca1,56,FUNC,GLOBAL,DEFAULT,301,platform_error_handler
,02013cd9,32,FUNC,GLOBAL,DEFAULT,302,platform_assert
,02013cf9,36,FUNC,LOCAL,DEFAULT,303,outchar
,02013d1d,58,FUNC,LOCAL,DEFAULT,304,outhex
,02013d57,40,FUNC,LOCAL,DEFAULT,305,outdec
,02013d81,68,FUNC,GLOBAL,DEFAULT,306,log_ctrl
,02013dc5,20,FUNC,GLOBAL,DEFAULT,307,log_status
,02013dd9,336,FUNC,GLOBAL,DEFAULT,308,vprint
,02013f29,24,FUNC,GLOBAL,DEFAULT,309,print
,02013f41,18,FUNC,GLOBAL,DEFAULT,310,dbg_print
,02013f55,172,FUNC,GLOBAL,DEFAULT,311,sec_cfg_load
,02014001,148,FUNC,GLOBAL,DEFAULT,312,sec_cfg_save
,02014095,288,FUNC,GLOBAL,DEFAULT,313,sec_lib_init
,020141b5,88,FUNC,GLOBAL,DEFAULT,314,is_BR_cmd_disabled
,0201420d,72,FUNC,GLOBAL,DEFAULT,315,sec_auth
,0201425d,4,FUNC,GLOBAL,DEFAULT,316,sec_hash
,02014269,40,FUNC,GLOBAL,DEFAULT,317,da_auth_init
,02014299,40,FUNC,GLOBAL,DEFAULT,318,img_auth_init
,020142c9,44,FUNC,GLOBAL,DEFAULT,319,sec_boot_img_check
,020142fd,244,FUNC,GLOBAL,DEFAULT,320,sec_boot_check
,020143f1,2,FUNC,GLOBAL,DEFAULT,321,sec_ctrl_init
,020143f3,2,FUNC,GLOBAL,DEFAULT,322,sec_flashtool_cfg_init
,020143f5,124,FUNC,GLOBAL,DEFAULT,323,sec_key_init
,02014471,188,FUNC,GLOBAL,DEFAULT,324,sec_region_check
,0201452d,52,FUNC,GLOBAL,DEFAULT,325,sec_rom_info_init
,02014561,72,FUNC,GLOBAL,DEFAULT,326,factory_mode_valid
,020145a9,220,FUNC,GLOBAL,DEFAULT,327,sec_lib_read_secro
,02014685,380,FUNC,GLOBAL,DEFAULT,328,sec2plname
,02014801,8,FUNC,GLOBAL,DEFAULT,329,sec_util_get_secro_buf
,02014809,8,FUNC,GLOBAL,DEFAULT,330,sec_util_get_img_buf
,02014811,8,FUNC,GLOBAL,DEFAULT,331,sec_util_get_chunk_buf
,02014819,8,FUNC,GLOBAL,DEFAULT,332,sec_util_get_working_buf
,02014821,244,FUNC,GLOBAL,DEFAULT,333,sec_util_read_image
,02014915,436,FUNC,GLOBAL,DEFAULT,334,sec_util_brom_download_re
,02014ac9,16,FUNC,GLOBAL,DEFAULT,335,strlen
,02014ad9,22,FUNC,GLOBAL,DEFAULT,336,strcmp
,02014aef,30,FUNC,GLOBAL,DEFAULT,337,strncmp
,02014b0d,16,FUNC,GLOBAL,DEFAULT,338,memset
,02014b1d,18,FUNC,GLOBAL,DEFAULT,339,memcpy
,02014b2f,28,FUNC,GLOBAL,DEFAULT,340,memcmp
,02014b4d,48,FUNC,GLOBAL,DEFAULT,341,mtk_uart_power_on
,02014b7d,116,FUNC,GLOBAL,DEFAULT,342,serial_setbrg
,02014bf1,68,FUNC,GLOBAL,DEFAULT,343,mtk_serial_set_current_ua
,02014c35,116,FUNC,GLOBAL,DEFAULT,344,mtk_uart_init
,02014ca9,40,FUNC,GLOBAL,DEFAULT,345,PutUARTByte
,02014cd1,80,FUNC,GLOBAL,DEFAULT,346,GetUARTBytes
,02014d20,232,FUNC,GLOBAL,DEFAULT,347,seclib_sec_boot_enabled
,02014e18,740,FUNC,GLOBAL,DEFAULT,348,seclib_image_check
,0201512c,140,FUNC,GLOBAL,DEFAULT,349,seclib_sec_usbdl_enabled
,020151c8,100,FUNC,GLOBAL,DEFAULT,350,seclib_image_hash_compute
,0201523c,156,FUNC,LOCAL,DEFAULT,351,seclib_image_allocate_mem
,020152f0,192,FUNC,LOCAL,DEFAULT,352,seclib_image_fread
,020153e0,304,FUNC,GLOBAL,DEFAULT,353,seclib_image_hash_only
,02015520,368,FUNC,GLOBAL,DEFAULT,354,seclib_image_search_exten
,02015698,1688,FUNC,GLOBAL,DEFAULT,355,seclib_image_verify
,02015d78,108,FUNC,GLOBAL,DEFAULT,356,seclib_read_sbc_key
,02015dec,116,FUNC,GLOBAL,DEFAULT,357,seclib_read_sec_cmd_cfg
,02015e60,32,FUNC,GLOBAL,DEFAULT,358,seclib_sej_init
,02015e80,132,FUNC,GLOBAL,DEFAULT,359,seclib_cust_init
,02015f14,4,FUNC,GLOBAL,DEFAULT,360,seclib_check
,02015f18,720,FUNC,GLOBAL,DEFAULT,361,seclib_init
,02016208,264,FUNC,GLOBAL,DEFAULT,362,seclib_secroimg_read
,02016338,116,FUNC,GLOBAL,DEFAULT,363,sp_read_swotp
,020163bc,168,FUNC,GLOBAL,DEFAULT,364,sp_sej_enc
,0201646c,196,FUNC,GLOBAL,DEFAULT,365,sp_sej_dec
,02016540,124,FUNC,GLOBAL,DEFAULT,366,sp_sej_init
,020165c4,104,FUNC,GLOBAL,DEFAULT,367,seclib_image_hash_dump
,02016634,8,FUNC,GLOBAL,DEFAULT,368,get_sec_cfg_cnt_size
,0201663c,8,FUNC,GLOBAL,DEFAULT,369,get_seccfg_cipher_len
,02016644,8,FUNC,GLOBAL,DEFAULT,370,seclib_mtk_rsa_n_key_len
,0201664c,8,FUNC,GLOBAL,DEFAULT,371,seclib_mtk_rsa_e_key_len
,02016654,240,FUNC,GLOBAL,DEFAULT,372,seclib_rsa_init
,02016754,232,FUNC,GLOBAL,DEFAULT,373,seclib_rsa_verify
,02016844,500,FUNC,GLOBAL,DEFAULT,374,bgn_read_str
,02016a38,160,FUNC,GLOBAL,DEFAULT,375,bgn_read_bin
,02016ad8,120,FUNC,GLOBAL,DEFAULT,376,bgn_write_bin
,02016b58,136,FUNC,GLOBAL,DEFAULT,377,bgn_grow
,02016bf0,148,FUNC,GLOBAL,DEFAULT,378,bgn_copy
,02016c94,88,FUNC,GLOBAL,DEFAULT,379,bgn_lset
,02016cf4,100,FUNC,GLOBAL,DEFAULT,380,bgn_msb
,02016d58,20,FUNC,GLOBAL,DEFAULT,381,bgn_size
,02016d6c,264,FUNC,GLOBAL,DEFAULT,382,bgn_shift_l
,02016e74,212,FUNC,GLOBAL,DEFAULT,383,bgn_shift_r
,02016f48,208,FUNC,GLOBAL,DEFAULT,384,bgn_cmp_abs
,02017018,256,FUNC,GLOBAL,DEFAULT,385,bgn_cmp_num
,02017118,64,FUNC,GLOBAL,DEFAULT,386,bgn_cmp_int
,02017158,320,FUNC,GLOBAL,DEFAULT,387,bgn_add_abs
,02017298,128,FUNC,GLOBAL,DEFAULT,388,bgn_sub_hlp
,02017318,208,FUNC,GLOBAL,DEFAULT,389,bgn_sub_abs
,020173e8,128,FUNC,GLOBAL,DEFAULT,390,bgn_add_bgn
,02017468,132,FUNC,GLOBAL,DEFAULT,391,bgn_sub_bgn
,020174ec,64,FUNC,GLOBAL,DEFAULT,392,bgn_add_int
,0201752c,64,FUNC,GLOBAL,DEFAULT,393,bgn_sub_int
,0201756c,2564,FUNC,GLOBAL,DEFAULT,394,bgn_mul_hlp
,02017f70,340,FUNC,GLOBAL,DEFAULT,395,bgn_mul_bgn
,020180c4,44,FUNC,GLOBAL,DEFAULT,396,bgn_mul_int
,020180f0,1488,FUNC,GLOBAL,DEFAULT,397,bgn_div_bgn
,020186c0,180,FUNC,GLOBAL,DEFAULT,398,bgn_mod_bgn
,02018774,176,FUNC,GLOBAL,DEFAULT,399,rsa_pub
,02018824,204,FUNC,GLOBAL,DEFAULT,400,rsa_verify
,020188f8,36,FUNC,GLOBAL,DEFAULT,401,get_ul
,0201891c,32,FUNC,GLOBAL,DEFAULT,402,set_ul
,0201893c,176,FUNC,GLOBAL,DEFAULT,403,cal_P
,020189ec,1088,FUNC,LOCAL,DEFAULT,404,hash_process
,02018e2c,76,FUNC,GLOBAL,DEFAULT,405,hash_starts
,02018e78,188,FUNC,GLOBAL,DEFAULT,406,hash_update
,02018f3c,152,FUNC,GLOBAL,DEFAULT,407,hash_finish
,02018fd4,80,FUNC,GLOBAL,DEFAULT,408,sha1
,0201902c,188,FUNC,GLOBAL,DEFAULT,409,malloc
,020190f0,4,FUNC,GLOBAL,DEFAULT,410,free
,020190f4,24,FUNC,GLOBAL,DEFAULT,411,bgn_init
,0201910c,68,FUNC,GLOBAL,DEFAULT,412,bgn_free
,02019158,1024,FUNC,GLOBAL,DEFAULT,413,bgn_exp_mod
,02019568,64,FUNC,GLOBAL,DEFAULT,414,montg_init
,020195a8,320,FUNC,GLOBAL,DEFAULT,415,montg_mul
,020196f8,64,FUNC,GLOBAL,DEFAULT,416,montg_red
,02019738,96,FUNC,GLOBAL,DEFAULT,417,seclib_sbc_enabled
,020197a0,96,FUNC,GLOBAL,DEFAULT,418,seclib_daa_enabled
,02019808,96,FUNC,GLOBAL,DEFAULT,419,seclib_sla_enabled
,02019870,84,FUNC,GLOBAL,DEFAULT,420,seclib_get_devinfo_with_i
,020198cc,16,FUNC,GLOBAL,DEFAULT,421,seclib_brom_meta_mode
,020198dc,88,FUNC,GLOBAL,DEFAULT,422,seclib_region_check
,02019934,268,FUNC,GLOBAL,DEFAULT,423,SEJ_V3_Init
,02019a40,132,FUNC,GLOBAL,DEFAULT,424,SEJ_V3_Run
,02019ac4,56,FUNC,GLOBAL,DEFAULT,425,SEJ_V3_Terminate
,02019afc,8,FUNC,GLOBAL,DEFAULT,426,sej_set_clk
,02019b04,36,FUNC,GLOBAL,DEFAULT,427,sej_set_iv
,02019b30,108,FUNC,GLOBAL,DEFAULT,428,sej_set_mode
,02019ba4,268,FUNC,GLOBAL,DEFAULT,429,sej_set_key
,02019cb0,268,FUNC,GLOBAL,DEFAULT,430,sej_do_aes
,02019dc4,28,FUNC,GLOBAL,DEFAULT,431,sej_deinit
,02019de0,288,FUNC,GLOBAL,DEFAULT,432,sej_init
,0201d92a,16,OBJECT,GLOBAL,DEFAULT,435,tran_mant
,0201d93c,32,OBJECT,GLOBAL,DEFAULT,436,tran_exp
,0201d95c,32,OBJECT,LOCAL,DEFAULT,437,tacc_exp
,0201d97c,64,OBJECT,LOCAL,DEFAULT,438,tacc_mant
,0201d9bc,19,OBJECT,LOCAL,DEFAULT,439,__func__.2571
,0201d9d0,36,OBJECT,LOCAL,DEFAULT,440,msdc_rsp
,0201d9f4,11,OBJECT,LOCAL,DEFAULT,441,__FUNCTION__.1245
,0201d9ff,22,OBJECT,LOCAL,DEFAULT,442,__func__.1234
,0201da15,21,OBJECT,LOCAL,DEFAULT,443,__FUNCTION__.1272
,0201da2a,22,OBJECT,LOCAL,DEFAULT,444,__FUNCTION__.1233
,0201da40,18,OBJECT,LOCAL,DEFAULT,445,__func__.1422
,0201da52,22,OBJECT,LOCAL,DEFAULT,446,__func__.1435
,0201da68,120,OBJECT,GLOBAL,DEFAULT,447,ana_io_ies_value
,0201dae0,24,OBJECT,LOCAL,DEFAULT,448,__func__.1351
,0201daf8,4,OBJECT,GLOBAL,DEFAULT,449,sys_stack_sz
,0201dafc,64,OBJECT,LOCAL,DEFAULT,450,padding
,0201db3c,48,OBJECT,LOCAL,DEFAULT,451,g_AC_FIXED_PATTERN
,0201db80,960,OBJECT,LOCAL,DEFAULT,453,platform_parts
,0201df40,4,OBJECT,GLOBAL,DEFAULT,454,num_of_emi_records
,0201df44,164,OBJECT,GLOBAL,DEFAULT,455,emi_settings
,0201dfe8,154,OBJECT,GLOBAL,DEFAULT,456,PULL_offset
,0201e082,154,OBJECT,GLOBAL,DEFAULT,457,PULLEN_offset
,0201e11c,4,OBJECT,LOCAL,DEFAULT,458,gpio_dat
,0201e120,616,OBJECT,GLOBAL,DEFAULT,459,PULL_addr
,0201e388,616,OBJECT,GLOBAL,DEFAULT,460,PULLEN_addr
,0201e5f0,20,OBJECT,GLOBAL,DEFAULT,461,msdc_cap
,0201e604,32,OBJECT,GLOBAL,DEFAULT,462,msdc_src_clks
,0201e624,4,OBJECT,LOCAL,DEFAULT,463,mdl_number.1351
,0201e628,7,OBJECT,LOCAL,DEFAULT,464,g_line_coding
,0201e630,4,OBJECT,GLOBAL,DEFAULT,465,fifo_addr
,0201e634,8,OBJECT,LOCAL,DEFAULT,466,fs_data_ep_descriptor_ptr
,0201e63c,24,OBJECT,LOCAL,DEFAULT,467,usbtty_string_table
,0201e654,5,OBJECT,LOCAL,DEFAULT,468,header_function_descripto
,0201e65c,4,OBJECT,LOCAL,DEFAULT,469,fs_comm_ep_descriptor_ptr
,0201e660,4,OBJECT,LOCAL,DEFAULT,470,hs_comm_ep_descriptor_ptr
,0201e664,5,OBJECT,GLOBAL,DEFAULT,471,call_management_descripto
,0201e669,9,OBJECT,LOCAL,DEFAULT,472,device_qualifier_descript
,0201e674,8,OBJECT,LOCAL,DEFAULT,473,hs_data_ep_descriptor_ptr
,0201e67c,4,OBJECT,LOCAL,DEFAULT,474,language
,0201e680,21,OBJECT,LOCAL,DEFAULT,475,hs_ep_descriptors
,0201e695,18,OBJECT,LOCAL,DEFAULT,476,device_descriptor
,0201e6a7,4,OBJECT,LOCAL,DEFAULT,477,abstract_control_descript
,0201e6ab,21,OBJECT,LOCAL,DEFAULT,478,fs_ep_descriptors
,0201e6c0,18,OBJECT,LOCAL,DEFAULT,479,interface_descriptors
,0201e6d2,9,OBJECT,LOCAL,DEFAULT,480,config_descriptors
,0201e6db,5,OBJECT,GLOBAL,DEFAULT,481,union_function_descriptor
,0201e6e0,4,OBJECT,LOCAL,DEFAULT,482,log_ptr
,0201e6e4,4,OBJECT,GLOBAL,DEFAULT,483,g_uart
,0201e6e8,16,OBJECT,GLOBAL,DEFAULT,484,sec_crypto_sig_size
,0201e6f8,20,OBJECT,GLOBAL,DEFAULT,485,sec_crypto_hash_size
,0201e70c,4,OBJECT,GLOBAL,DEFAULT,486,heap_max_size
,0201e710,104,OBJECT,GLOBAL,DEFAULT,487,g_devinfo_data_addr
,11141941,176,FUNC,GLOBAL,DEFAULT,489,mtk_pll_init
,81d00000,0x20000,OBJECT,GLOBAL,DEFAULT,490,emmc_pmt_buf
